<?xml version="1.0" encoding="UTF-8"?>
<databaseChangeLog
    xmlns="http://www.liquibase.org/xml/ns/dbchangelog"
    xmlns:xsi="http://www.w3.org/2001/XMLSchema-instance"
    xmlns:ext="http://www.liquibase.org/xml/ns/dbchangelog-ext"
    xsi:schemaLocation="http://www.liquibase.org/xml/ns/dbchangelog http://www.liquibase.org/xml/ns/dbchangelog/dbchangelog-3.1.xsd
    http://www.liquibase.org/xml/ns/dbchangelog-ext http://www.liquibase.org/xml/ns/dbchangelog/dbchangelog-ext.xsd">

    <!-- 初始化数据库结构 -->
    <changeSet id="1" author="developer">
        <sqlFile path="classpath:db/init.sql" splitStatements="true" stripComments="true"/>
    </changeSet>
    
    <!-- 用户表主键修改：从ID改为username -->
    <changeSet id="2" author="developer">
        <comment>修改用户表主键，移除id列，将username列设为主键</comment>
        <sql>
            -- 创建新的用户表结构
            CREATE TABLE IF NOT EXISTS users_new (
                username TEXT PRIMARY KEY NOT NULL COLLATE NOCASE,
                password TEXT NOT NULL,
                email TEXT NOT NULL UNIQUE,
                phone TEXT,
                role_id INTEGER NOT NULL,
                created_at DATETIME DEFAULT CURRENT_TIMESTAMP,
                updated_at DATETIME DEFAULT CURRENT_TIMESTAMP,
                FOREIGN KEY (role_id) REFERENCES roles(id)
            );
            
            -- 将数据从旧表迁移到新表
            INSERT INTO users_new (username, password, email, phone, role_id, created_at, updated_at)
            SELECT username, password, email, phone, role_id, created_at, updated_at FROM users;
            
            -- 删除旧表
            DROP TABLE users;
            
            -- 重命名新表为users
            ALTER TABLE users_new RENAME TO users;
        </sql>
    </changeSet>
    
    <!-- 修改feedbacks表的外键，从user_id修改为username -->
    <changeSet id="3" author="developer">
        <comment>修改反馈表外键，从user_id修改为username</comment>
        <sql>
            -- 创建新的反馈表结构
            CREATE TABLE IF NOT EXISTS feedbacks_new (
                id INTEGER PRIMARY KEY AUTOINCREMENT,
                username TEXT NOT NULL,
                title TEXT NOT NULL,
                content TEXT NOT NULL,
                status TEXT NOT NULL,
                admin_response TEXT,
                created_at DATETIME DEFAULT CURRENT_TIMESTAMP,
                updated_at DATETIME DEFAULT CURRENT_TIMESTAMP,
                FOREIGN KEY (username) REFERENCES users(username)
            );
            
            -- 将数据从旧表迁移到新表
            INSERT INTO feedbacks_new (id, username, title, content, status, admin_response, created_at, updated_at)
            SELECT f.id, u.username, f.title, f.content, f.status, f.admin_response, f.created_at, f.updated_at 
            FROM feedbacks f JOIN users u ON f.user_id = u.id;
            
            -- 删除旧表
            DROP TABLE feedbacks;
            
            -- 重命名新表为feedbacks
            ALTER TABLE feedbacks_new RENAME TO feedbacks;
        </sql>
    </changeSet>
    
    <!-- 修改orders表的外键，从user_id修改为username -->
    <changeSet id="4" author="developer">
        <comment>修改订单表外键，从user_id修改为username</comment>
        <sql>
            -- 创建新的订单表结构
            CREATE TABLE IF NOT EXISTS orders_new (
                id INTEGER PRIMARY KEY AUTOINCREMENT,
                username TEXT NOT NULL,
                scooter_id INTEGER NOT NULL,
                start_time DATETIME NOT NULL,
                end_time DATETIME NOT NULL,
                total_hours INTEGER NOT NULL,
                total_amount REAL NOT NULL,
                status TEXT NOT NULL,
                created_at DATETIME DEFAULT CURRENT_TIMESTAMP,
                updated_at DATETIME DEFAULT CURRENT_TIMESTAMP,
                FOREIGN KEY (username) REFERENCES users(username),
                FOREIGN KEY (scooter_id) REFERENCES scooters(id)
            );
            
            -- 将数据从旧表迁移到新表
            INSERT INTO orders_new (id, username, scooter_id, start_time, end_time, total_hours, total_amount, status, created_at, updated_at)
            SELECT o.id, u.username, o.scooter_id, o.start_time, o.end_time, o.total_hours, o.total_amount, o.status, o.created_at, o.updated_at 
            FROM orders o JOIN users u ON o.user_id = u.id;
            
            -- 删除旧表
            DROP TABLE orders;
            
            -- 重命名新表为orders
            ALTER TABLE orders_new RENAME TO orders;
            
            -- 创建索引
            CREATE INDEX IF NOT EXISTS idx_orders_username ON orders(username);
        </sql>
    </changeSet>
    
    <!-- 创建租赁表 -->
    <changeSet id="5" author="developer">
        <comment>创建租赁表，包含plan字段</comment>
        <sql>
            CREATE TABLE IF NOT EXISTS rentals (
                id INTEGER PRIMARY KEY AUTOINCREMENT,
                username TEXT NOT NULL,
                scooter_id INTEGER NOT NULL,
                start_time DATETIME NOT NULL,
                end_time DATETIME,
                start_location TEXT NOT NULL,
                end_location TEXT,
                active BOOLEAN NOT NULL DEFAULT TRUE,
                total_cost REAL,
                notes TEXT,
                duration INTEGER NOT NULL,
                plan TEXT NOT NULL,
                created_at DATETIME DEFAULT CURRENT_TIMESTAMP,
                updated_at DATETIME DEFAULT CURRENT_TIMESTAMP,
                FOREIGN KEY (username) REFERENCES users(username),
                FOREIGN KEY (scooter_id) REFERENCES scooters(id)
            );
            
            -- 创建索引
            CREATE INDEX IF NOT EXISTS idx_rentals_username ON rentals(username);
            CREATE INDEX IF NOT EXISTS idx_rentals_scooter_id ON rentals(scooter_id);
            CREATE INDEX IF NOT EXISTS idx_rentals_active ON rentals(active);
        </sql>
    </changeSet>
</databaseChangeLog> 